id,modulo_id,titulo,duracao_minutos,conteudo
1,1,Aula 1: A arte de inovar naturalmente,22,"Ullam molestias inventore eos inventore. Fuga temporibus nemo ipsa dolore facilis expedita rerum.
Illum eum occaecati consequatur.
Fugit soluta veritatis dolorem saepe repellendus repellendus. Recusandae minima nesciunt eius quo ab nemo. Sequi voluptates eligendi tempora illum.
Cupiditate officia corrupti inventore similique recusandae. Nostrum nobis fuga nihil officiis autem.
Unde accusamus fugiat debitis deleniti excepturi. Harum possimus corrupti voluptatem quis rerum architecto."
2,2,Aula 1: A vantagem de evoluir simplesmente,27,"Sint in odio dignissimos adipisci laudantium. Ipsa voluptate deleniti. Consectetur non optio.
Incidunt incidunt odio illum reprehenderit laborum. Impedit soluta dolorum atque fugit quisquam atque. In dolorem fugiat cumque fugiat ducimus.
Dicta occaecati voluptas error aliquam aliquid. Explicabo eveniet nemo mollitia placeat quia. Eligendi sequi inventore tempora et praesentium enim.
Consequatur voluptatem quam. Enim soluta eos excepturi sequi."
3,3,Aula 1: A arte de evoluir naturalmente,42,"Minus quos eaque placeat. Quod minus unde error. Incidunt laboriosam molestiae nemo perferendis molestiae.
Aspernatur magni rem eius est perferendis quisquam quisquam. Adipisci quis magni cum natus.
Distinctio dolores distinctio voluptatibus. Ad nam distinctio iure nesciunt dolorum. Saepe atque voluptas corrupti dignissimos. Placeat quo dolores ea.
Nobis vel est fuga blanditiis. Corporis consectetur voluptas earum fugit vel assumenda. Aliquam amet assumenda numquam."
4,4,Aula 1: O poder de mudar naturalmente,40,"Error distinctio architecto dolore velit dignissimos.
Optio quo dolorum libero at quisquam. Exercitationem esse distinctio pariatur perferendis necessitatibus vitae facilis. Repellendus at id quas quam cumque aspernatur.
Accusantium voluptatem vitae doloremque. Dolores id expedita.
Cum recusandae repellendus quod. Non hic veritatis saepe inventore illum.
Eaque dolore dolore ut nemo sit. Iure natus quasi. Quasi ipsum asperiores sed quae."
5,5,Aula 1: A possibilidade de inovar com toda a tranquilidade,24,"Nulla fugiat natus alias. Voluptates totam deleniti laborum soluta doloribus voluptate.
Facere neque in officia numquam distinctio maiores. Accusantium nulla vitae quas sequi incidunt.
Accusamus necessitatibus officiis temporibus occaecati. Excepturi natus incidunt a accusamus fuga. Fugit ea reprehenderit cumque numquam.
Excepturi minima ut magnam.
Neque dolorem nulla dolore quaerat consectetur accusamus. Qui quae vel blanditiis repellat."
6,6,Aula 1: A certeza de concretizar seus projetos mais rapidamente,28,"Saepe culpa neque animi voluptatibus. Non eos porro vel. Rem omnis dolorum omnis.
Possimus architecto nemo voluptatibus veniam quaerat adipisci dignissimos. Soluta non iusto non.
Consectetur doloribus pariatur animi distinctio error. Ad dicta fugit omnis. Optio provident quae aspernatur libero aliquid modi nostrum.
Dolor pariatur consequatur et. Consectetur aliquid rem eligendi hic.
Doloremque voluptatibus consectetur eius dicta incidunt. Inventore nisi nulla cupiditate nobis rem autem nobis."
7,7,Aula 1: A certeza de avançar simplesmente,39,"Fugit rerum deleniti quasi. Nulla illum quia dolore.
Velit perferendis nulla magnam nostrum quisquam sapiente. Magni sunt quo maiores voluptate fugit fugit. Tempore commodi sapiente exercitationem at ducimus assumenda.
Aliquid repellat aliquid nostrum expedita maxime perspiciatis. Blanditiis nulla molestiae odio a fuga optio.
Minima maiores deleniti consequatur animi vitae. Sed unde ipsa itaque commodi. Reprehenderit dignissimos ratione quasi voluptatem. Numquam necessitatibus temporibus quas."
8,8,Aula 1: A vantagem de avançar de maneira eficaz,43,"Molestias adipisci ut. Ipsum cum fuga fugit quas veniam esse.
Explicabo aut culpa autem ullam perferendis odio sunt. Itaque amet quae nam nesciunt velit inventore.
Odit ex sequi necessitatibus beatae harum culpa iusto. Itaque delectus eos mollitia. Optio aut exercitationem facere beatae occaecati unde error. Quis expedita nobis cupiditate fuga alias amet.
Ad fugiat nostrum vitae reprehenderit temporibus fugit. Sapiente repellat accusamus facere.
Neque minus delectus at. Dolorem dolorem in."
9,9,Aula 1: O poder de evoluir naturalmente,45,"Mollitia magnam praesentium veniam accusantium possimus illo. Quidem dolore alias blanditiis. Quisquam officiis officiis molestiae officia totam.
Quos aliquam nobis dolores quae id dicta. Explicabo molestiae quam molestiae illum. Magnam soluta voluptates aperiam enim modi eos.
Laboriosam eos culpa. Ipsam porro occaecati aliquid. Culpa aperiam reprehenderit voluptatem deserunt amet."
10,10,Aula 1: A simplicidade de realizar seus sonhos mais facilmente,11,"Tempore laboriosam atque nesciunt qui occaecati. Sapiente soluta similique deleniti.
Perspiciatis quaerat earum minima numquam id.
Veniam quidem sequi atque velit pariatur repellendus. Quo necessitatibus odio vero. Occaecati iure deserunt.
Dolorem reiciendis architecto dolore ab beatae. Veritatis modi quod quaerat fugit ullam accusamus. Iure quod ex dignissimos.
Necessitatibus architecto beatae vero dolorum. Molestias ratione cupiditate deserunt omnis nam. Expedita a eos placeat expedita iusto."
11,11,Aula 1: A certeza de conseguir direto da fonte,28,"Blanditiis neque quam doloremque iusto provident fugiat. Ducimus ex nulla officia saepe necessitatibus.
Cumque earum culpa in. Id quo laudantium dolor reprehenderit qui sequi.
Recusandae soluta nulla dignissimos voluptates sequi odit. Explicabo similique dolorum iste dicta laboriosam nisi unde.
Esse alias illum vitae quaerat. Tempore fuga magnam ipsam dolores doloribus.
Natus fuga quaerat tempora error cum dolore itaque. Nesciunt eveniet necessitatibus possimus possimus."
12,12,Aula 1: A vantagem de mudar antes de tudo,23,"Sequi est sapiente doloremque odio. Molestias impedit nemo voluptate aut debitis repellat.
Magni modi natus impedit voluptas maiores. Praesentium omnis soluta earum reiciendis eos illum. Sapiente esse quae assumenda ipsum id nesciunt.
Ex fuga ratione quidem quaerat repellendus minima. Iusto veritatis eum enim minus quisquam. Repudiandae dolor blanditiis illum ullam ad.
Illo vel ipsum placeat iusto. Tenetur inventore id ad quibusdam beatae occaecati. Optio modi fugit sapiente."
13,13,Aula 1: A simplicidade de inovar naturalmente,17,"Quisquam nobis beatae at illum odit. Perspiciatis ipsam facilis.
Ut iste doloremque culpa itaque placeat provident debitis. Voluptatum id cum blanditiis commodi in adipisci. Vel delectus dolorem recusandae itaque totam voluptate voluptate.
Autem veritatis labore inventore corporis atque eligendi. Accusamus illo neque nihil dolor unde.
Iste accusantium vero facere iste. Earum voluptatum nostrum. Illum deleniti ullam earum dolorum inventore nisi. Illo sunt nobis aliquam."
14,14,Aula 1: A liberdade de atingir seus objetivos com força total,16,"Eum autem vel pariatur. Necessitatibus molestiae possimus numquam nihil autem repellat. Natus repudiandae tenetur. Quis voluptatem cumque deleniti.
Veniam neque magnam ipsam harum esse excepturi. Sit delectus fugit voluptatem eos a. Facilis temporibus at illo est error.
Aperiam quod accusantium occaecati. Voluptates possimus quas fugit cum.
Voluptates ipsum dignissimos suscipit quos. Nesciunt odio perspiciatis odio et dolorem. Quaerat incidunt soluta facere cumque voluptatibus minus."
15,15,Aula 1: A possibilidade de inovar com toda a tranquilidade,27,"Sapiente ab quasi sunt esse enim quos. Quidem tempora tempora. Doloremque veritatis nam itaque.
Vitae quia inventore quaerat qui ex in provident. Nemo consequatur praesentium aliquid eligendi architecto mollitia.
Voluptatum assumenda maiores esse eaque ut at inventore. Explicabo maiores veritatis doloribus at hic nemo. Quam fugit eius reprehenderit.
Fugiat eligendi sed temporibus praesentium praesentium. Dolor voluptatem rerum ex assumenda dolorum consequuntur."
16,16,Aula 1: A simplicidade de realizar seus sonhos com toda a tranquilidade,22,"Maxime quae blanditiis eius deleniti sed ullam assumenda. Odit dolores culpa voluptate nemo.
Aspernatur fuga ducimus libero.
Laborum similique unde officiis rem suscipit omnis nam. Officiis placeat velit aliquid nulla necessitatibus nam dicta. Commodi hic quas hic voluptas.
Laboriosam quia praesentium voluptatem velit veniam eius. Debitis vero ullam recusandae. Doloremque nam quo placeat accusamus praesentium."
17,17,Aula 1: A liberdade de atingir seus objetivos simplesmente,42,"Cumque molestias nisi. Sequi ducimus rerum possimus quis. Quas repudiandae accusamus earum.
Laboriosam ratione pariatur fugiat dignissimos. Harum possimus delectus natus nobis qui. Non corrupti unde sit sed sapiente.
Eaque laborum corrupti repellat omnis sequi iste corporis. Error necessitatibus laudantium cum numquam explicabo. Fugiat ea vitae sapiente."
18,18,Aula 1: A possibilidade de evoluir com confiança,37,"Repellendus beatae sint ab quis nihil aut maxime. Cum iusto aliquam ipsa tempora.
Aut reprehenderit consequatur iusto magni.
Incidunt nemo vero. A exercitationem vero rerum perferendis. Culpa voluptatibus praesentium et quia.
Aliquid alias hic est dolores adipisci minima. Fugit vel maiores totam non vel explicabo. Officiis doloremque repellendus sapiente sequi.
Excepturi inventore libero voluptatibus iusto blanditiis. Consequuntur illo nulla nostrum dolores."
19,19,Aula 1: O prazer de inovar com toda a tranquilidade,38,"Nulla assumenda assumenda facilis totam nulla nobis. Nulla doloremque odio illo maiores corrupti suscipit. Perspiciatis necessitatibus molestiae velit dicta enim rerum.
Nisi ad illum autem eaque commodi. Magnam autem deleniti accusantium in voluptas quaerat totam. Aliquid dolore eaque eaque deleniti.
Quibusdam voluptates quod facere dolore. Iste autem deserunt.
Exercitationem cum nulla adipisci ipsum officia atque. Deserunt vitae aliquid odit porro ducimus. Iste veritatis libero iste veniam."
20,20,Aula 1: A liberdade de ganhar com força total,35,"Libero fugit voluptas porro. Facere reprehenderit beatae quas corporis omnis dolorum. Possimus modi quod cum.
Modi enim dolore laboriosam dolorum expedita. Neque veritatis a nostrum suscipit.
Aliquam molestiae voluptatibus asperiores. Dignissimos tenetur incidunt fugiat. Sint repellendus soluta a.
Facilis rerum voluptatum in iusto sapiente. Porro incidunt inventore sequi fuga.
Temporibus assumenda veritatis possimus corporis. Cupiditate consequuntur consequatur earum. Totam beatae sunt ipsa."
21,21,Aula 1: O poder de mudar mais rapidamente,35,"Officia enim iste facilis asperiores veniam exercitationem.
Expedita non deserunt hic. Explicabo iste labore possimus consequatur. Placeat sit voluptatum impedit.
Quasi consectetur facilis enim inventore iusto. Aut possimus laborum nihil. Molestiae mollitia error expedita at.
In sapiente vero laborum expedita inventore. Maiores ipsum iure eum unde labore hic.
Expedita optio voluptas fuga illum facere. Voluptatem dignissimos fugit illo minus. Qui corrupti harum facere illo fugiat suscipit atque."
22,22,Aula 1: A simplicidade de conseguir com toda a tranquilidade,17,"Voluptatibus laborum itaque fuga atque porro. Omnis repudiandae soluta enim necessitatibus alias. Distinctio amet maiores ipsum qui placeat repellendus.
In accusamus ratione accusamus ut harum. Quidem tempore minus eligendi quis consequatur veniam cupiditate.
Occaecati saepe recusandae quis aspernatur. Debitis voluptates harum maiores.
Tempora rem ab quos. Non eius delectus optio quibusdam labore minus.
Fugiat aliquid corporis tempora. Recusandae dolore excepturi impedit ex."
23,23,Aula 1: A certeza de ganhar direto da fonte,43,"Debitis voluptates dolor tenetur eveniet nihil minus. Perferendis nesciunt natus ut labore pariatur quod. Corrupti totam neque rem culpa.
Voluptatibus ut molestias veniam in voluptatibus fugiat. Sapiente eveniet modi maiores magnam quaerat. Excepturi corporis omnis mollitia optio vero.
Iure assumenda facere fuga. Incidunt accusantium ducimus maxime.
Quod nemo neque rem asperiores pariatur pariatur. Totam autem quod iusto fugit."
24,24,Aula 1: A vantagem de mudar simplesmente,22,"Quidem similique fuga aspernatur sapiente occaecati suscipit. Explicabo provident autem tenetur autem dolorem.
Non beatae unde doloribus. Aut qui ipsum iure.
Nobis quas voluptatem eligendi quasi tenetur omnis. Sequi pariatur sunt occaecati quia accusamus. Quis cumque molestiae culpa similique nisi tempora.
Quis accusantium facere sit facilis. Quam dolores atque sit. Pariatur amet labore incidunt praesentium vel autem consequatur."
25,25,Aula 1: A arte de atingir seus objetivos simplesmente,27,"Perferendis dicta placeat. Autem voluptatibus odit itaque unde inventore minima velit. Consequatur fugiat excepturi culpa possimus laudantium ipsum.
Sequi error adipisci. Eius sed ipsum maiores id omnis nemo.
Blanditiis recusandae quia sint. Ipsam ipsa voluptates eius nesciunt fuga unde temporibus. Voluptatem error libero odio cum at.
Eaque architecto provident fugiat illum debitis temporibus accusamus.
Ratione esse libero eius vel."
26,26,Aula 1: A vantagem de inovar em estado puro,14,"Quo quis expedita vitae quaerat id. Voluptatem commodi nobis. Aliquam officia deleniti nesciunt nisi.
Inventore natus sunt at repellendus. Adipisci ipsum excepturi tempore accusamus officiis. Necessitatibus quis corrupti voluptatem laboriosam quia.
Libero modi doloribus a sint quae. Vero vitae illo neque. Corrupti recusandae exercitationem.
Eligendi eaque illo unde possimus. Asperiores architecto quidem qui sed blanditiis provident. Eaque dicta corporis."
27,27,Aula 1: A simplicidade de conseguir com força total,31,"Illum illo illum fugiat sint dignissimos. Maiores corrupti quos voluptate officiis. Delectus dolore mollitia aliquam cumque omnis iste hic. Ad illo unde modi similique maxime laborum.
Labore laudantium voluptatem explicabo officiis eius molestiae. Molestias fugiat voluptatibus autem iure quidem. Sapiente reprehenderit dicta iste amet consequuntur.
Illum hic ipsam quasi. Tempora ipsum necessitatibus maiores expedita cum quas. Explicabo magni aspernatur delectus cupiditate necessitatibus."
28,28,Aula 1: A certeza de inovar naturalmente,31,"Unde autem quasi debitis tempora voluptates. Culpa doloribus voluptates modi.
Consequatur rem animi maxime recusandae reprehenderit corrupti. Ipsam fuga quas amet itaque laboriosam quisquam.
Consequatur nam laudantium nihil tempora. Quia minima voluptate odit earum.
Soluta vitae quam iste beatae quas. Nam commodi esse. Numquam odit numquam quasi sapiente minima."
29,29,Aula 1: O conforto de avançar em estado puro,19,"Itaque ipsa error sint ea. Perspiciatis consequuntur reiciendis.
Neque consequuntur dignissimos aliquam maiores asperiores neque. Commodi quasi enim illum doloribus. Similique quae provident quo assumenda.
Illum eveniet doloremque. Vel odit ex culpa. Nostrum quod blanditiis voluptas necessitatibus.
Assumenda mollitia doloremque. Error repudiandae vel voluptas inventore eaque quisquam. Vel unde esse facere modi velit."
30,30,Aula 1: O prazer de realizar seus sonhos de maneira eficaz,17,"Nesciunt vitae ea deserunt. Quidem eveniet dolorem porro corporis quae nemo recusandae. Non doloremque ipsam cum a fugit.
Deserunt et ea commodi qui. Labore odit temporibus corporis quibusdam deleniti. Culpa enim vel quibusdam non.
Accusamus ipsum repellat unde fugit praesentium.
Mollitia maxime quasi cumque nulla voluptatum mollitia. Suscipit neque quia voluptates maiores veritatis minima. Dolorem quisquam ducimus asperiores ipsum eos."
31,31,Aula 1: A arte de ganhar de maneira eficaz,29,"Cupiditate excepturi amet.
Nobis quo voluptates deleniti voluptate. Ullam cum veritatis iure qui minima.
Sapiente magni iure praesentium. Dolor magnam consequatur qui ipsam expedita recusandae.
Consequuntur pariatur enim. Accusamus repudiandae mollitia exercitationem sit dolores iste. Voluptates dolore necessitatibus non officia commodi reprehenderit.
Quam unde cum temporibus ab sapiente facere. Id et at facere dolorem a saepe."
32,32,Aula 1: O poder de realizar seus sonhos antes de tudo,27,"Molestias magni cum omnis eum rem esse. At maiores cumque. Earum odio autem rerum. Iusto nulla laborum ut qui mollitia perferendis delectus.
Eius quaerat illum corporis explicabo. Cum dolorum error nemo odio unde. Molestiae unde ipsam nesciunt.
Dolorum harum delectus nihil cum officia. Vitae labore labore odio temporibus inventore provident. Dolores cum consectetur recusandae perspiciatis in."
33,33,Aula 1: O direito de evoluir antes de tudo,29,"Vel sed consectetur cupiditate. Distinctio molestias eligendi ea voluptate. Voluptates nisi sapiente odio dignissimos possimus dicta molestias.
Quis hic iusto delectus dolorem cum sit. Cupiditate dolores nulla similique atque recusandae.
Odit ab ad quibusdam tempore. Culpa corporis voluptate repellat expedita voluptates ad. Consequuntur molestias quos suscipit molestiae excepturi.
Eos dolorem ipsa sint accusamus rerum. Porro assumenda quos."
34,34,Aula 1: A segurança de conseguir mais rapidamente,20,"Hic quis labore a repellat dolorem tenetur. Quas totam voluptates ut nobis consequuntur hic.
Quaerat laboriosam ratione neque a.
Quia laudantium nostrum laudantium aspernatur fuga ipsa numquam. Illum molestiae sed corporis delectus. Doloribus vero consequuntur accusamus eum incidunt.
Tempora voluptatem dignissimos cum. Et quis dignissimos accusamus ad nihil mollitia expedita."
35,35,Aula 1: A vantagem de atingir seus objetivos com confiança,41,"Ipsam voluptatem voluptates voluptas atque ex. Eaque praesentium beatae sed iure.
Assumenda maiores asperiores sit. Enim amet tempore et repellendus id.
Officiis pariatur ullam laborum voluptas. Aut labore a laudantium voluptate odio.
Doloremque occaecati enim voluptatibus magni. Architecto vero voluptatum aperiam. Provident magnam magni magnam."
36,36,Aula 1: A segurança de concretizar seus projetos simplesmente,29,"Amet molestiae dolores quibusdam. Reprehenderit nulla doloremque culpa recusandae.
Molestiae debitis corrupti harum. Quaerat maiores vitae animi. Consequuntur animi qui animi quos deleniti voluptatibus.
Enim voluptate eaque aliquid laudantium molestias. Minus qui vero consequatur ea veniam.
Sapiente impedit eum vitae corrupti necessitatibus neque. Inventore fuga illo temporibus odio voluptatem omnis. Rerum cum eos nobis consequuntur ratione a."
37,37,Aula 1: A segurança de concretizar seus projetos naturalmente,35,"Molestias non a at recusandae libero. Porro sint numquam accusamus facere esse. Ratione officiis distinctio praesentium ipsum voluptatum dolores.
Voluptate doloribus molestiae placeat illum. Inventore odio eos nam id consequatur. Aperiam occaecati a facere praesentium architecto.
Tempore magnam a aliquam. In dignissimos neque pariatur non libero nobis vero. Dolor amet hic numquam nihil expedita consequatur."
38,38,Aula 1: A simplicidade de conseguir simplesmente,14,"Cumque sed porro accusantium. Cum veritatis ipsum consequuntur animi temporibus. Perspiciatis expedita architecto rem sapiente amet. Hic iusto eligendi beatae ipsum ea facere.
Magni eaque quibusdam nisi. Laborum autem recusandae consectetur quam odit.
Sed ratione itaque. Eaque quaerat laboriosam consectetur.
Temporibus dolorem reprehenderit numquam tenetur non similique. Quisquam asperiores sed adipisci. Molestias exercitationem aspernatur at nisi."
39,39,Aula 1: O prazer de atingir seus objetivos com confiança,44,"Officiis quaerat veniam iure nobis. Aperiam culpa dolor quos dolores repudiandae.
Ex ad blanditiis facere.
Laboriosam veniam voluptas quasi autem deleniti. Eligendi distinctio rem ratione. Praesentium maiores delectus in dignissimos rerum officiis.
Laudantium autem quis laborum ullam atque. Cum delectus voluptatum et.
Laudantium ab omnis nihil. Ab laborum tempore earum eos alias aliquid temporibus.
Doloribus alias odio dolorum. Voluptate eius fuga consequatur aut ipsam."
40,40,Aula 1: A vantagem de avançar direto da fonte,22,"Perferendis vel modi et facere ipsum. Hic maxime ipsa quidem nostrum.
Rem commodi nobis architecto. Sit consequatur dolorem eligendi debitis hic eum omnis. Recusandae facere exercitationem.
Et vel quo iure eius modi. Similique aliquid laborum repudiandae. Quis voluptatum ad quisquam.
Expedita quo alias atque assumenda cupiditate. Veritatis atque commodi modi. Molestias harum a dolore blanditiis cupiditate sint."
41,41,Aula 1: A certeza de ganhar com confiança,33,"Aspernatur maiores soluta inventore magnam unde possimus molestiae. Error itaque magni nulla culpa id. Hic commodi facere doloremque voluptas.
Minus earum expedita. Dolores dolorem veritatis animi atque quam pariatur.
Harum excepturi aperiam officia consequatur tempora maxime. Eaque tempora nulla non.
Fugiat mollitia eaque est consectetur cupiditate a corporis. Sit quidem illo dolore sed dolores fugiat."
42,42,Aula 1: O poder de conseguir com força total,42,"Incidunt vel perferendis esse nihil suscipit fuga. Iste ipsum ad nemo dicta velit assumenda.
Accusantium repellendus omnis nam quia labore. Itaque autem tempora eveniet eius sed iusto vero.
Eos odio exercitationem. Minus possimus quam eveniet corporis itaque nesciunt. Laborum maiores error ea. Quia qui eos consectetur saepe exercitationem tenetur sapiente.
Excepturi magnam non rerum hic accusamus. Impedit repudiandae voluptas molestiae voluptate fuga. Odit voluptates aperiam nulla quam nihil."
43,43,Aula 1: A vantagem de realizar seus sonhos de maneira eficaz,42,"Laudantium ipsum officiis dolor nihil vel. Eius quam doloremque saepe fugit totam odio. Vel corrupti quidem neque magni.
Pariatur perferendis ut repellendus illo vel error. Eveniet odio debitis accusamus hic doloribus.
Dolor quos soluta optio nihil. Placeat fuga numquam eveniet laudantium voluptatem cumque. Soluta reiciendis magni accusantium eius."
44,44,Aula 1: A vantagem de ganhar direto da fonte,38,"Rem corporis deserunt quibusdam.
Tempora fugiat totam repudiandae asperiores provident odio. Consequatur dignissimos id. Nostrum quidem voluptatum asperiores exercitationem quo.
Alias laborum asperiores nostrum. Explicabo quis veritatis fugiat. Numquam ullam enim deleniti molestiae.
Rem cupiditate suscipit tenetur. Cumque mollitia consequuntur labore repellat. Fugit culpa saepe sed natus fuga dolorem numquam."
45,45,Aula 1: O poder de atingir seus objetivos mais facilmente,15,"Voluptatum exercitationem tenetur. Vel consectetur possimus eaque velit dolorem accusantium ex. Molestias nobis saepe distinctio ullam unde.
Incidunt accusamus ut mollitia voluptates. Recusandae qui repellendus corrupti autem porro. Aliquid voluptatem pariatur asperiores ipsum quod reprehenderit error.
Iste corrupti laudantium assumenda. Amet quisquam voluptatum quidem.
At reprehenderit quae illo esse repellendus. Deleniti enim animi quis sequi ab. Assumenda facilis rerum sit saepe."
46,46,Aula 1: A liberdade de mudar em estado puro,12,"Laboriosam illum hic quam ex. Ipsa ab quas quos.
Harum dolores quod porro ad tempore. Deleniti ipsam cumque facilis voluptate veniam eius. Dolores aliquam pariatur voluptatum sit possimus illum.
Officia nemo perspiciatis asperiores corporis repudiandae necessitatibus. Error suscipit provident.
Suscipit sed cupiditate unde et quia pariatur. Similique a natus est officia dolores. Et voluptatibus accusantium commodi totam itaque voluptatem."
47,47,Aula 1: O poder de mudar de maneira eficaz,27,"Nobis ipsa dignissimos similique maiores praesentium culpa fugit. Beatae occaecati asperiores dolore quasi. Vitae at quidem laudantium quibusdam mollitia velit magnam.
Vitae labore nam minima voluptate consequatur nostrum hic. Rerum voluptas consectetur quaerat adipisci maiores autem.
Optio corrupti consequatur perspiciatis. Neque rerum voluptatem nulla aut dignissimos. Placeat hic id beatae repudiandae officia quas quia. Error unde nostrum magnam quam quae possimus rem."
48,48,Aula 1: A possibilidade de concretizar seus projetos com confiança,26,"Odit cupiditate quia voluptate itaque. Tenetur repellat minima. Itaque nemo ab.
Officia exercitationem natus et eum veniam officia. Et magni vero laborum amet. Repellat atque esse inventore itaque aliquam.
Architecto officia esse magnam sint vitae. Voluptatem debitis culpa tempora.
Tempora maiores omnis quas. Ratione velit cupiditate ex doloribus.
Modi consequatur ipsa. Nam repellat autem ratione."
49,49,Aula 1: A segurança de concretizar seus projetos com confiança,19,"Reiciendis natus harum aliquid dolor. Repudiandae maiores voluptate rem.
Vitae maiores laborum quos beatae quisquam odio. Molestiae cum saepe. Officia autem hic eveniet.
Ad adipisci error voluptate odio adipisci. Iure magnam quos quaerat.
Facilis similique quasi natus laborum suscipit atque. Enim accusamus dolor molestiae exercitationem voluptate mollitia.
Quam quos consequatur. Suscipit reprehenderit soluta dolor itaque nobis. Sequi soluta deleniti. Impedit velit cupiditate animi."
50,50,Aula 1: O poder de realizar seus sonhos de maneira eficaz,44,"Qui blanditiis aliquid quaerat facere explicabo at. Minus molestiae dolores dolore.
Sed eligendi repellat molestias. Quidem minima sequi fuga saepe maiores nam.
Cupiditate a delectus officiis qui officia atque laboriosam. Consectetur ipsum aut neque. Debitis aliquid nostrum.
Id consequatur sapiente soluta velit. Sequi corporis molestiae eveniet reiciendis laborum similique earum. Alias voluptate a velit."
51,51,Aula 1: O conforto de ganhar antes de tudo,40,"Nemo cum eos mollitia quos harum. Quaerat excepturi officia voluptatibus optio. Quae expedita vero amet cupiditate.
Aspernatur quisquam repellendus ex veritatis eum. Nihil sit nobis sint. Velit et dolor repellendus.
Tempore porro ex occaecati delectus. Animi ad molestiae doloremque alias.
Temporibus perspiciatis necessitatibus repudiandae quo at. Iure sapiente magnam nemo."
52,52,Aula 1: A arte de mudar com força total,40,"Illum corporis iste. Quia perspiciatis laudantium consectetur ducimus itaque impedit. Vel ad ullam veniam incidunt iste dolor.
Reprehenderit voluptates unde magnam sapiente quidem. Hic vel autem tempore fugiat inventore molestiae. Delectus voluptas libero corrupti commodi natus blanditiis saepe. Totam commodi voluptas consectetur et voluptatibus hic repudiandae.
Molestias quisquam odio reiciendis corrupti quod aliquam. Temporibus consequatur eos nulla vel molestias."
53,53,Aula 1: O poder de mudar direto da fonte,20,"Vero porro consequatur. Labore laudantium eligendi aliquid odit perferendis deserunt.
Explicabo voluptas commodi totam deserunt. Delectus iusto cum harum occaecati quam.
Ipsam similique minima debitis cumque. Pariatur quia quaerat dolores fuga odio libero ipsum. Soluta tempore corporis quo rem hic placeat.
Officiis accusamus ratione similique quos dignissimos. Eum at enim magni nulla at doloremque autem."
54,54,Aula 1: O poder de concretizar seus projetos em estado puro,39,"Quam excepturi placeat tenetur.
Voluptatum at molestiae dolor dolores. Eius omnis ipsa assumenda.
Ut ipsa eum at rerum aperiam laboriosam. Debitis recusandae doloribus. Sit est cumque voluptatem.
Placeat dolorum quam laborum iste. Eius reprehenderit repudiandae cumque earum.
Vitae dolore rerum velit sint. Debitis sequi doloribus ullam tempore odit libero modi."
55,55,Aula 1: A simplicidade de conseguir com força total,28,"Ratione minus voluptatum sit ducimus. Dolore explicabo ipsa veniam. Soluta possimus deleniti illo harum.
Ut dolorum voluptas voluptatem voluptatum repellendus perspiciatis. Magnam debitis quam debitis totam doloribus.
Laborum debitis nam quod nemo. Aliquid numquam autem non.
Nobis eaque eum nesciunt. Ipsum assumenda voluptatem distinctio saepe nihil qui neque. Et accusantium in."
56,56,Aula 1: A segurança de mudar naturalmente,34,"Aliquid quidem rerum accusamus veritatis quod.
Ut tempore maxime laborum ipsa perspiciatis. Repellat beatae laborum id. Saepe sed quos libero eaque ab.
Placeat possimus sequi. Magni quia deserunt eos ut.
Iure aut reprehenderit veritatis dignissimos repellendus itaque. Harum repudiandae cumque exercitationem autem consectetur deserunt.
Quibusdam quasi tempore officia officia molestias.
Occaecati aliquam exercitationem corrupti magni ab velit nostrum. Natus aut perspiciatis qui quae."
57,57,Aula 1: O conforto de ganhar direto da fonte,12,"Est quaerat officiis consequatur adipisci fugiat. Omnis praesentium assumenda consequuntur facere. Saepe nulla libero quaerat asperiores. Quasi qui odit nisi delectus explicabo.
Nesciunt culpa nostrum accusamus. Possimus accusantium vitae laboriosam iste.
Dignissimos doloribus nam nobis repudiandae molestiae. Qui eligendi voluptatibus incidunt.
Beatae quia et exercitationem autem dignissimos fugit. Iusto quis ipsam iusto rerum incidunt dicta. At illum veritatis molestias magni recusandae."
58,58,Aula 1: A liberdade de realizar seus sonhos mais facilmente,33,"Similique nam quis debitis quis ex. Porro quibusdam perferendis libero sit. Consequatur soluta tempora odio temporibus ullam laudantium. Vitae perferendis necessitatibus tempora.
Quas maiores perspiciatis nam.
Magni molestias voluptatem repellat vel architecto cum nostrum. Repellendus adipisci aut amet.
Quisquam nisi voluptate commodi blanditiis eaque. Ea voluptatibus voluptas.
Porro rerum molestias at optio. Earum aliquid doloremque placeat tempora illum eveniet."
59,59,Aula 1: O poder de realizar seus sonhos em estado puro,34,"Facere mollitia ratione. Illum animi reiciendis quibusdam dolor odit possimus assumenda. Cum dolorem optio doloremque aliquid quisquam optio nulla. Modi consequuntur temporibus exercitationem eum quis praesentium.
Quibusdam ex dolor. Iste molestias eaque suscipit delectus veniam ducimus.
Commodi maiores at suscipit quibusdam. Deleniti ipsa alias eaque voluptate suscipit suscipit sit. Error distinctio labore incidunt quaerat asperiores voluptatem natus."
60,60,Aula 1: O direito de conseguir de maneira eficaz,24,"Dolores nam eos non minima aliquam explicabo. Maiores laborum doloremque neque tenetur.
Cum ratione quaerat ut deserunt quos. Ipsa libero sequi minus sapiente perspiciatis officiis.
Eaque officiis ipsam ullam.
Accusantium beatae tempore eum. Ex possimus tempora tempora.
Adipisci inventore expedita sapiente ipsam.
Expedita non iste laborum. Eveniet suscipit ullam minima facere dolorem est."
